{
      "cratio": 0.7339104147412211,
      "timestamp": 1660142652,
      "stakedSnx": {
            "ethereum": 134940195.19759858,
            "optimism": 76582560.91378011
      }
}