{
      "systemStakingPercent": 0.7340344110495849,
      "timestamp": 1661333119,
      "stakedSnx": {
            "ethereum": 135506047.03458285,
            "optimism": 78580455.18643415
      }
}